,Card0,Card1,Card2,Card3,Card4,Card5,H/S,W/L,Answer,Final,P_Score,D_Score
0,AC,AH,,,,,0.0,0.0,1.0,1.0,12,17
1,JD,JS,,,,,0.0,1.0,0.0,1.0,20,30
2,QH,4D,,,,,1.0,1.0,1.0,0.0,16,15
3,QH,4D,2S,,,,1.0,1.0,1.0,0.0,20,15
4,QH,4D,2S,4S,,,1.0,0.0,0.0,1.0,23,15
5,3C,3H,,,,,0.0,0.0,1.0,1.0,6,12
6,QC,4C,,,,,1.0,0.0,0.0,1.0,24,15
7,3D,10C,,,,,1.0,0.0,0.0,1.0,23,10
8,AH,4S,,,,,0.0,1.0,0.0,1.0,15,22
9,QH,7C,,,,,1.0,0.0,0.0,1.0,25,20
10,4H,5D,,,,,1.0,1.0,1.0,0.0,19,15
11,4H,5D,JH,,,,1.0,0.0,0.0,1.0,22,15
12,9H,7S,,,,,1.0,0.0,0.0,1.0,22,15
13,4C,3S,,,,,1.0,1.0,1.0,0.0,9,11
14,4C,3S,2S,,,,1.0,1.0,1.0,0.0,15,11
15,4C,3S,2S,6S,,,0.0,0.0,1.0,1.0,15,20
16,10C,KD,,,,,0.0,1.0,0.0,1.0,20,24
17,10S,KH,,,,,1.0,1.0,1.0,0.0,21,12
18,AH,8H,,,,,1.0,1.0,1.0,0.0,15,17
19,AH,8H,6C,,,,1.0,1.0,1.0,0.0,17,17
20,AH,8H,6C,2C,,,0.0,0.0,1.0,1.0,17,20
21,6S,6H,,,,,1.0,0.0,0.0,1.0,22,19
22,AS,6S,,,,,0.0,1.0,0.0,1.0,17,23
23,5D,7D,,,,,0.0,0.0,1.0,1.0,12,18
24,8S,KH,,,,,1.0,1.0,1.0,0.0,21,12
25,QC,JD,,,,,1.0,0.0,0.0,1.0,29,8
26,6D,KD,,,,,0.0,0.0,1.0,1.0,16,18
27,QH,9S,,,,,0.0,1.0,0.0,1.0,19,27
28,10C,8C,,,,,1.0,0.0,0.0,1.0,26,15
29,5C,10D,,,,,1.0,1.0,1.0,0.0,18,8
30,5C,10D,3S,,,,0.0,0.0,1.0,1.0,18,21
31,3D,8H,,,,,0.0,0.0,1.0,1.0,11,12
32,4D,7H,,,,,0.0,0.0,1.0,1.0,11,19
33,JD,JH,,,,,1.0,0.0,0.0,1.0,22,12
34,AS,4C,,,,,0.0,1.0,0.0,1.0,15,23
35,4D,8S,,,,,0.0,0.0,1.0,1.0,12,18
36,9C,9D,,,,,0.0,0.0,1.0,1.0,18,19
37,5S,2H,,,,,1.0,1.0,1.0,0.0,9,14
38,5S,2H,2D,,,,1.0,1.0,1.0,0.0,17,14
39,5S,2H,2D,8S,,,1.0,0.0,0.0,1.0,27,14
40,JS,KH,,,,,0.0,1.0,0.0,1.0,20,23
41,3C,KS,,,,,0.0,0.0,1.0,1.0,13,14
42,KH,KC,,,,,0.0,1.0,0.0,1.0,20,22
43,JD,2C,,,,,1.0,1.0,1.0,0.0,21,14
44,8S,3H,,,,,1.0,1.0,1.0,0.0,13,13
45,8S,3H,2D,,,,0.0,1.0,0.0,1.0,13,23
46,2S,7D,,,,,0.0,0.0,1.0,1.0,9,15
47,5C,AC,,,,,1.0,1.0,1.0,0.0,16,15
48,5C,AC,QD,,,,1.0,0.0,0.0,1.0,22,15
49,2C,7D,,,,,1.0,1.0,1.0,0.0,17,6
50,2C,7D,8C,,,,1.0,0.0,0.0,1.0,27,16
51,2H,JD,,,,,1.0,1.0,1.0,0.0,20,19
52,2H,JD,8H,,,,0.0,1.0,0.0,1.0,20,29
53,3D,10C,,,,,1.0,1.0,1.0,0.0,14,14
54,3D,10C,AS,,,,1.0,1.0,1.0,0.0,21,14
55,9H,KH,,,,,1.0,1.0,1.0,0.0,20,15
56,9H,KH,AS,,,,1.0,0.0,0.0,1.0,25,15
57,5H,JD,,,,,0.0,0.0,1.0,1.0,15,16
58,QS,4H,,,,,0.0,0.0,1.0,1.0,14,18
59,4S,10S,,,,,1.0,0.0,0.0,1.0,24,16
60,10S,2C,,,,,1.0,1.0,1.0,0.0,21,13
61,5C,10H,,,,,1.0,0.0,0.0,1.0,23,16
62,8S,KD,,,,,0.0,0.0,1.0,1.0,18,20
63,9H,9S,,,,,0.0,1.0,0.0,1.0,18,22
64,AD,7D,,,,,0.0,0.0,1.0,1.0,18,19
65,KS,QS,,,,,1.0,0.0,0.0,1.0,26,13
66,QS,QH,,,,,0.0,1.0,0.0,1.0,20,22
67,4S,10S,,,,,0.0,0.0,1.0,1.0,14,16
68,AH,6H,,,,,1.0,1.0,1.0,0.0,10,14
69,AH,6H,3C,,,,0.0,1.0,0.0,1.0,20,24
70,4S,3D,,,,,1.0,1.0,1.0,0.0,17,4
71,4S,3D,JS,,,,1.0,0.0,0.0,1.0,26,14
72,JH,JC,,,,,1.0,1.0,1.0,0.0,21,7
73,7C,4S,,,,,1.0,1.0,1.0,0.0,12,8
74,7C,4S,AS,,,,1.0,1.0,1.0,0.0,17,8
75,7C,4S,AS,5C,,,1.0,0.0,0.0,1.0,27,8
76,5C,2S,,,,,0.0,0.0,1.0,1.0,7,18
77,QD,3H,,,,,1.0,0.0,0.0,1.0,23,21
78,JH,9S,,,,,1.0,0.0,0.0,1.0,29,14
79,5S,4C,,,,,0.0,0.0,1.0,1.0,9,15
80,QH,4D,,,,,0.0,0.0,1.0,1.0,14,21
81,8H,6C,,,,,1.0,0.0,0.0,1.0,23,16
82,6C,QC,,,,,0.0,1.0,0.0,1.0,16,24
83,10D,QC,,,,,0.0,1.0,0.0,1.0,20,27
84,10C,7H,,,,,1.0,0.0,0.0,1.0,27,12
85,JC,7H,,,,,0.0,0.0,1.0,1.0,17,19
86,QD,9D,,,,,1.0,0.0,0.0,1.0,25,20
87,6D,7S,,,,,1.0,1.0,1.0,0.0,20,15
88,6D,7S,7C,,,,1.0,0.0,0.0,1.0,28,15
89,9S,2C,,,,,1.0,1.0,1.0,0.0,17,4
90,9S,2C,6S,,,,1.0,0.0,0.0,1.0,26,14
91,2D,KS,,,,,1.0,1.0,1.0,0.0,19,20
92,2D,KS,7H,,,,0.0,0.0,1.0,1.0,19,20
93,KS,6C,,,,,0.0,0.0,1.0,1.0,16,18
94,AH,3D,,,,,0.0,0.0,1.0,1.0,14,17
95,KS,KD,,,,,1.0,0.0,0.0,1.0,25,13
96,7H,3C,,,,,1.0,1.0,1.0,0.0,11,13
97,QS,8H,,,,,1.0,0.0,0.0,1.0,28,13
98,10C,10H,,,,,1.0,0.0,0.0,1.0,30,15
99,KH,4H,,,,,1.0,0.0,0.0,1.0,22,12
100,10D,9D,,,,,0.0,1.0,0.0,1.0,19,26
101,KC,3S,,,,,1.0,0.0,0.0,1.0,23,15
102,JS,9D,,,,,1.0,0.0,0.0,1.0,29,16
103,KC,6C,,,,,0.0,0.0,1.0,1.0,16,21
104,9H,10C,,,,,0.0,0.0,1.0,1.0,19,21
105,AH,2D,,,,,1.0,1.0,1.0,0.0,11,16
106,8S,AH,,,,,1.0,1.0,1.0,0.0,12,7
107,8S,AH,3D,,,,1.0,1.0,1.0,0.0,13,7
108,8S,AH,3D,AC,,,1.0,0.0,0.0,1.0,23,17
109,KS,10H,,,,,0.0,0.0,1.0,1.0,20,21
110,9S,2D,,,,,0.0,0.0,1.0,1.0,11,18
111,10D,2C,,,,,1.0,0.0,0.0,1.0,22,17
112,AH,9C,,,,,0.0,0.0,1.0,1.0,20,21
113,AD,7S,,,,,1.0,1.0,1.0,0.0,14,8
114,AD,7S,6H,,,,0.0,0.0,1.0,1.0,14,21
115,3C,AD,,,,,0.0,0.0,1.0,1.0,14,17
116,4C,AH,,,,,1.0,1.0,1.0,0.0,10,11
117,4C,AH,5C,,,,0.0,0.0,1.0,1.0,20,21
118,4C,5H,,,,,0.0,0.0,1.0,1.0,9,14
119,JD,3C,,,,,1.0,1.0,1.0,0.0,17,17
120,JD,3C,4H,,,,0.0,1.0,0.0,1.0,17,27
121,4D,JC,,,,,1.0,0.0,0.0,1.0,24,8
122,QC,JD,,,,,0.0,1.0,0.0,1.0,20,25
123,5S,5D,,,,,1.0,1.0,1.0,0.0,13,20
124,5S,5D,3D,,,,1.0,1.0,1.0,0.0,15,20
125,5S,5D,3D,2C,,,0.0,0.0,1.0,1.0,15,20
126,JC,KH,,,,,0.0,0.0,1.0,1.0,20,21
127,AH,8S,,,,,1.0,1.0,1.0,0.0,17,9
128,AH,8S,8D,,,,0.0,1.0,0.0,1.0,17,22
129,QC,2S,,,,,1.0,1.0,1.0,0.0,14,14
130,QC,2S,2C,,,,0.0,0.0,1.0,1.0,14,15
131,QC,5S,,,,,0.0,0.0,1.0,1.0,15,21
132,9H,3D,,,,,1.0,1.0,1.0,0.0,15,6
133,9H,3D,3S,,,,1.0,1.0,1.0,0.0,17,6
134,9H,3D,3S,2D,,,0.0,1.0,0.0,1.0,17,22
135,QD,7S,,,,,1.0,0.0,0.0,1.0,27,13
136,QC,2C,,,,,1.0,1.0,1.0,0.0,21,20
137,9H,4H,,,,,1.0,1.0,1.0,0.0,16,9
138,9H,4H,3S,,,,0.0,0.0,1.0,1.0,16,20
139,5H,6D,,,,,0.0,0.0,1.0,1.0,11,19
140,3C,9C,,,,,1.0,1.0,1.0,0.0,21,17
141,10C,QC,,,,,0.0,1.0,0.0,1.0,20,24
142,9C,9H,,,,,1.0,0.0,0.0,1.0,28,12
143,8S,5D,,,,,0.0,0.0,1.0,1.0,13,18
144,6S,QH,,,,,1.0,0.0,0.0,1.0,26,18
145,8C,JS,,,,,1.0,0.0,0.0,1.0,23,16
146,8S,6S,,,,,0.0,0.0,1.0,1.0,14,15
147,3H,5D,,,,,0.0,0.0,1.0,1.0,8,16
148,10C,3D,,,,,1.0,1.0,1.0,0.0,15,20
149,10C,3D,2D,,,,0.0,0.0,1.0,1.0,15,20
150,QD,5C,,,,,1.0,0.0,0.0,1.0,22,18
151,9D,8S,,,,,0.0,0.0,1.0,1.0,17,19
152,AH,2S,,,,,1.0,1.0,1.0,0.0,12,20
153,AH,2S,9D,,,,1.0,0.0,0.0,1.0,22,20
154,3D,8S,,,,,1.0,1.0,1.0,0.0,20,16
155,3D,8S,9H,,,,1.0,0.0,0.0,1.0,24,16
156,9C,JC,,,,,1.0,0.0,0.0,1.0,29,14
157,7S,5S,,,,,1.0,1.0,1.0,0.0,17,10
158,7S,5S,5H,,,,1.0,0.0,0.0,1.0,25,10
159,9C,5D,,,,,0.0,0.0,1.0,1.0,14,20
160,7H,3S,,,,,0.0,0.0,1.0,1.0,10,19
161,5H,2C,,,,,1.0,1.0,1.0,0.0,12,8
162,5H,2C,5D,,,,1.0,1.0,1.0,0.0,16,8
163,5H,2C,5D,4H,,,0.0,0.0,1.0,1.0,16,18
164,5D,8H,,,,,0.0,0.0,1.0,1.0,13,18
165,7S,3D,,,,,1.0,1.0,1.0,0.0,20,13
166,7S,3D,KC,,,,0.0,1.0,0.0,1.0,20,22
167,6S,JS,,,,,0.0,0.0,1.0,1.0,16,19
168,9D,4D,,,,,0.0,0.0,1.0,1.0,13,15
169,3H,10C,,,,,1.0,1.0,1.0,0.0,19,15
170,3H,10C,6C,,,,0.0,1.0,0.0,1.0,19,25
171,6S,6H,,,,,1.0,1.0,1.0,0.0,14,11
172,6S,6H,2S,,,,0.0,0.0,1.0,1.0,14,21
173,QS,4D,,,,,0.0,0.0,1.0,1.0,14,15
174,KC,QH,,,,,0.0,0.0,1.0,1.0,20,21
175,8H,AH,,,,,0.0,1.0,0.0,1.0,19,23
176,4C,QS,,,,,1.0,1.0,1.0,0.0,19,15
177,4C,QS,5S,,,,0.0,0.0,1.0,1.0,19,21
178,JS,7H,,,,,0.0,0.0,1.0,1.0,17,19
179,QS,3S,,,,,1.0,0.0,0.0,1.0,23,19
180,5H,KS,,,,,1.0,0.0,0.0,1.0,25,19
181,7D,10S,,,,,0.0,0.0,1.0,1.0,17,19
182,QH,9H,,,,,1.0,0.0,0.0,1.0,29,5
183,AC,4D,,,,,1.0,1.0,1.0,0.0,10,7
184,AC,4D,5H,,,,0.0,1.0,0.0,1.0,20,28
185,3H,7C,,,,,0.0,0.0,1.0,1.0,10,17
186,AC,5C,,,,,1.0,1.0,1.0,0.0,12,5
187,AC,5C,6S,,,,0.0,0.0,1.0,1.0,12,14
188,2D,8D,,,,,1.0,1.0,1.0,0.0,19,20
189,2D,8D,9C,,,,1.0,1.0,1.0,0.0,20,20
190,2D,8D,9C,AC,,,0.0,1.0,0.0,1.0,20,23
191,3S,8C,,,,,1.0,1.0,1.0,0.0,12,15
192,3S,8C,AS,,,,1.0,1.0,1.0,0.0,21,15
193,9D,2S,,,,,0.0,0.0,1.0,1.0,11,18
194,5S,2S,,,,,0.0,0.0,1.0,1.0,7,20
195,9D,2H,,,,,0.0,0.0,1.0,1.0,11,17
196,JC,7C,,,,,0.0,0.0,1.0,1.0,17,20
197,5C,KC,,,,,0.0,0.0,1.0,1.0,15,17
198,8D,AH,,,,,1.0,1.0,1.0,0.0,19,14
199,8D,AH,JS,,,,0.0,1.0,0.0,1.0,19,22
200,3D,5D,,,,,0.0,0.0,1.0,1.0,8,10
201,9H,9S,,,,,1.0,0.0,0.0,1.0,22,18
202,QS,JD,,,,,1.0,0.0,0.0,1.0,30,9
203,5S,JD,,,,,1.0,1.0,1.0,0.0,16,9
204,5S,JD,AD,,,,1.0,0.0,0.0,1.0,26,19
205,8D,AD,,,,,0.0,1.0,0.0,1.0,19,28
206,8H,5H,,,,,0.0,0.0,1.0,1.0,13,16
207,2D,9H,,,,,1.0,1.0,1.0,0.0,21,13
208,7H,AS,,,,,1.0,1.0,1.0,0.0,11,20
209,5S,2S,,,,,0.0,0.0,1.0,1.0,7,15
210,9D,2D,,,,,0.0,0.0,1.0,1.0,11,18
211,QS,6S,,,,,1.0,0.0,0.0,1.0,26,9
212,6D,QC,,,,,0.0,0.0,1.0,1.0,16,20
213,6C,AH,,,,,1.0,1.0,1.0,0.0,17,6
214,6C,AH,KC,,,,1.0,0.0,0.0,1.0,24,16
215,7C,10S,,,,,1.0,0.0,0.0,1.0,27,20
216,3H,QD,,,,,0.0,0.0,1.0,1.0,13,14
217,10H,JD,,,,,0.0,1.0,0.0,1.0,20,28
218,3S,3D,,,,,0.0,0.0,1.0,1.0,6,15
219,KH,6D,,,,,0.0,1.0,0.0,1.0,16,22
220,6H,2D,,,,,0.0,0.0,1.0,1.0,8,19
221,8D,10C,,,,,1.0,0.0,0.0,1.0,28,6
222,3D,JH,,,,,0.0,1.0,0.0,1.0,13,22
223,3H,5H,,,,,1.0,1.0,1.0,0.0,17,20
224,3H,5H,9H,,,,1.0,0.0,0.0,1.0,27,20
225,6C,QC,,,,,0.0,0.0,1.0,1.0,16,21
226,6D,6S,,,,,1.0,0.0,0.0,1.0,22,20
227,4S,QD,,,,,0.0,0.0,1.0,1.0,14,19
228,9D,JH,,,,,0.0,1.0,0.0,1.0,19,27
229,QH,5C,,,,,1.0,1.0,1.0,0.0,21,19
230,4D,2C,,,,,1.0,1.0,1.0,0.0,11,12
231,4D,2C,5C,,,,0.0,0.0,1.0,1.0,11,12
232,2C,4S,,,,,1.0,1.0,1.0,0.0,16,9
233,2C,4S,JC,,,,1.0,0.0,0.0,1.0,23,9
234,JS,8S,,,,,0.0,0.0,1.0,1.0,18,21
235,5D,9S,,,,,1.0,0.0,0.0,1.0,24,19
236,7H,JS,,,,,1.0,0.0,0.0,1.0,24,17
237,7S,JC,,,,,1.0,0.0,0.0,1.0,25,12
238,9D,4D,,,,,0.0,0.0,1.0,1.0,13,21
239,8H,6H,,,,,1.0,1.0,1.0,0.0,18,20
240,8H,6H,4S,,,,1.0,0.0,0.0,1.0,27,20
241,QH,8H,,,,,0.0,1.0,0.0,1.0,18,26
242,9D,JD,,,,,0.0,1.0,0.0,1.0,19,24
243,JD,7D,,,,,1.0,0.0,0.0,1.0,27,5
244,JH,6S,,,,,1.0,0.0,0.0,1.0,25,13
245,5D,4H,,,,,1.0,1.0,1.0,0.0,17,20
246,5D,4H,8H,,,,1.0,1.0,1.0,0.0,20,20
247,5D,4H,8H,3H,,,1.0,0.0,0.0,1.0,30,20
248,6C,AS,,,,,0.0,1.0,0.0,1.0,17,25
249,10S,QH,,,,,1.0,0.0,0.0,1.0,30,5
250,9H,2S,,,,,1.0,1.0,1.0,0.0,14,15
251,9H,2S,3S,,,,0.0,0.0,1.0,1.0,14,15
252,AC,8S,,,,,0.0,0.0,1.0,1.0,19,21
253,QS,9D,,,,,1.0,1.0,1.0,0.0,20,10
254,QS,9D,AC,,,,1.0,0.0,0.0,1.0,29,10
255,8H,5D,,,,,0.0,0.0,1.0,1.0,13,18
256,8C,JC,,,,,1.0,0.0,0.0,1.0,25,12
257,AS,AD,,,,,0.0,0.0,1.0,1.0,12,17
258,QD,10D,,,,,0.0,1.0,0.0,1.0,20,23
259,3D,JH,,,,,0.0,0.0,1.0,1.0,13,16
260,5D,QS,,,,,1.0,0.0,0.0,1.0,23,14
261,4D,QS,,,,,0.0,1.0,0.0,1.0,14,24
262,10S,8D,,,,,0.0,0.0,1.0,1.0,18,19
263,AC,8D,,,,,1.0,1.0,1.0,0.0,18,11
264,AC,8D,9D,,,,0.0,0.0,1.0,1.0,18,20
265,6D,6S,,,,,1.0,1.0,1.0,0.0,13,14
266,6D,6S,AS,,,,1.0,1.0,1.0,0.0,17,14
267,6D,6S,AS,4S,,,0.0,1.0,0.0,1.0,17,24
268,10H,5C,,,,,0.0,1.0,0.0,1.0,15,22
269,JC,4S,,,,,0.0,0.0,1.0,1.0,14,16
270,JC,KH,,,,,0.0,1.0,0.0,1.0,20,23
271,7H,KH,,,,,1.0,0.0,0.0,1.0,22,20
272,10C,3S,,,,,1.0,1.0,1.0,0.0,15,9
273,10C,3S,2H,,,,1.0,0.0,0.0,1.0,25,19
274,3S,10S,,,,,0.0,0.0,1.0,1.0,13,18
275,AD,AS,,,,,1.0,1.0,1.0,0.0,8,9
276,AD,AS,6H,,,,0.0,0.0,1.0,1.0,18,19
277,KS,QC,,,,,0.0,0.0,1.0,1.0,20,21
278,3S,5S,,,,,0.0,0.0,1.0,1.0,8,16
279,2C,5D,,,,,1.0,1.0,1.0,0.0,17,7
280,2C,5D,KC,,,,0.0,1.0,0.0,1.0,17,23
281,3H,10C,,,,,1.0,0.0,0.0,1.0,23,16
282,3D,9S,,,,,0.0,0.0,1.0,1.0,12,18
283,8S,AH,,,,,1.0,1.0,1.0,0.0,13,19
284,8S,AH,4C,,,,1.0,1.0,1.0,0.0,14,19
285,8S,AH,4C,AD,,,0.0,0.0,1.0,1.0,14,19
286,AH,8S,,,,,1.0,1.0,1.0,0.0,18,15
287,AH,8S,9H,,,,0.0,0.0,1.0,1.0,18,19
288,4H,4S,,,,,1.0,1.0,1.0,0.0,15,11
289,4H,4S,7D,,,,1.0,0.0,0.0,1.0,24,11
290,QS,5D,,,,,0.0,0.0,1.0,1.0,15,21
291,8S,6D,,,,,1.0,0.0,0.0,1.0,24,17
292,QS,8S,,,,,0.0,1.0,0.0,1.0,18,27
293,10D,9D,,,,,1.0,0.0,0.0,1.0,29,16
294,10H,5H,,,,,0.0,1.0,0.0,1.0,15,22
295,JD,6S,,,,,0.0,1.0,0.0,1.0,16,25
296,KS,6C,,,,,0.0,0.0,1.0,1.0,16,19
297,5D,10D,,,,,0.0,1.0,0.0,1.0,15,23
298,KH,7H,,,,,0.0,0.0,1.0,1.0,17,21
299,9C,6S,,,,,1.0,0.0,0.0,1.0,25,7
300,7H,8S,,,,,0.0,0.0,1.0,1.0,15,19
301,9S,9D,,,,,0.0,0.0,1.0,1.0,18,20
302,QC,2H,,,,,0.0,0.0,1.0,1.0,12,14
303,QD,9D,,,,,0.0,0.0,1.0,1.0,19,21
304,7H,7C,,,,,1.0,1.0,1.0,0.0,17,20
305,7H,7C,3D,,,,1.0,1.0,1.0,0.0,19,20
306,7H,7C,3D,2C,,,0.0,0.0,1.0,1.0,19,20
307,6H,KH,,,,,1.0,1.0,1.0,0.0,19,7
308,6H,KH,3H,,,,1.0,0.0,0.0,1.0,29,7
309,JC,KH,,,,,1.0,1.0,1.0,0.0,21,11
310,JD,10H,,,,,0.0,1.0,0.0,1.0,20,29
311,9C,8H,,,,,1.0,0.0,0.0,1.0,27,10
312,8H,5S,,,,,1.0,1.0,1.0,0.0,16,10
313,8H,5S,3D,,,,1.0,0.0,0.0,1.0,24,10
314,10C,4D,,,,,0.0,0.0,1.0,1.0,14,17
315,7S,2H,,,,,0.0,0.0,1.0,1.0,9,10
316,10H,2D,,,,,1.0,1.0,1.0,0.0,20,18
317,10H,2D,8H,,,,0.0,1.0,0.0,1.0,20,28
318,JH,5H,,,,,1.0,1.0,1.0,0.0,18,11
319,JH,5H,3S,,,,0.0,0.0,1.0,1.0,18,21
320,JH,8H,,,,,0.0,1.0,0.0,1.0,18,23
321,2H,AH,,,,,0.0,1.0,0.0,1.0,13,22
322,JD,5S,,,,,1.0,1.0,1.0,0.0,17,18
323,JD,5S,2S,,,,0.0,0.0,1.0,1.0,17,18
324,8D,KD,,,,,1.0,0.0,0.0,1.0,28,10
325,3C,8H,,,,,0.0,0.0,1.0,1.0,11,16
326,10D,4S,,,,,1.0,1.0,1.0,0.0,21,20
327,KS,KD,,,,,0.0,1.0,0.0,1.0,20,30
328,10H,6S,,,,,1.0,0.0,0.0,1.0,26,13
329,QC,3C,,,,,0.0,0.0,1.0,1.0,13,18
330,6S,KH,,,,,1.0,1.0,1.0,0.0,20,20
331,6S,KH,4D,,,,1.0,0.0,0.0,1.0,29,20
332,QD,9S,,,,,0.0,1.0,0.0,1.0,19,24
333,JS,QS,,,,,1.0,0.0,0.0,1.0,25,18
334,AS,6C,,,,,0.0,1.0,0.0,1.0,17,22
335,2H,JS,,,,,0.0,0.0,1.0,1.0,12,20
336,9S,8C,,,,,0.0,0.0,1.0,1.0,17,21
337,9D,3C,,,,,1.0,1.0,1.0,0.0,16,20
338,9D,3C,4S,,,,1.0,1.0,1.0,0.0,18,20
339,9D,3C,4S,2C,,,0.0,0.0,1.0,1.0,18,20
340,5S,5D,,,,,1.0,1.0,1.0,0.0,16,20
341,5S,5D,6D,,,,0.0,0.0,1.0,1.0,16,20
342,5D,5C,,,,,0.0,0.0,1.0,1.0,10,16
343,9D,AD,,,,,0.0,1.0,0.0,1.0,20,29
344,5C,3D,,,,,1.0,1.0,1.0,0.0,10,13
345,5C,3D,2C,,,,1.0,1.0,1.0,0.0,20,13
346,5C,3D,2C,10C,,,0.0,1.0,0.0,1.0,20,23
347,5C,8C,,,,,1.0,1.0,1.0,0.0,19,16
348,5C,8C,6D,,,,0.0,0.0,1.0,1.0,19,21
349,4C,9H,,,,,0.0,0.0,1.0,1.0,13,17
350,10S,5C,,,,,0.0,0.0,1.0,1.0,15,16
351,5H,8D,,,,,1.0,1.0,1.0,0.0,15,5
352,5H,8D,2C,,,,0.0,0.0,1.0,1.0,15,18
353,6S,7D,,,,,0.0,0.0,1.0,1.0,13,19
354,QC,7C,,,,,1.0,1.0,1.0,0.0,18,15
355,QC,7C,AC,,,,0.0,1.0,0.0,1.0,18,23
356,AH,5H,,,,,1.0,1.0,1.0,0.0,11,20
357,5D,8S,,,,,1.0,0.0,0.0,1.0,23,12
358,JS,QD,,,,,0.0,1.0,0.0,1.0,20,25
359,5C,KH,,,,,0.0,1.0,0.0,1.0,15,24
360,4S,AC,,,,,1.0,1.0,1.0,0.0,15,11
361,4S,AC,JC,,,,1.0,0.0,0.0,1.0,24,11
362,KS,KC,,,,,1.0,0.0,0.0,1.0,24,19
363,2C,3H,,,,,1.0,1.0,1.0,0.0,7,5
364,2C,3H,2S,,,,1.0,1.0,1.0,0.0,17,5
365,2C,3H,2S,10D,,,1.0,1.0,1.0,0.0,20,5
366,2C,3H,2S,10D,3C,,1.0,0.0,0.0,1.0,28,5
367,10H,QC,,,,,1.0,0.0,0.0,1.0,30,21
368,7H,4D,,,,,0.0,0.0,1.0,1.0,11,13
369,AC,8H,,,,,0.0,1.0,0.0,1.0,19,27
370,JH,JD,,,,,0.0,1.0,0.0,1.0,20,23
371,2H,3S,,,,,0.0,0.0,1.0,1.0,5,13
372,AC,7S,,,,,0.0,0.0,1.0,1.0,18,19
373,3D,4H,,,,,1.0,1.0,1.0,0.0,17,15
374,3D,4H,JC,,,,0.0,1.0,0.0,1.0,17,22
375,7C,2H,,,,,1.0,1.0,1.0,0.0,15,15
376,7C,2H,6S,,,,1.0,0.0,0.0,1.0,23,15
377,QS,10D,,,,,0.0,1.0,0.0,1.0,20,29
378,3C,8H,,,,,0.0,0.0,1.0,1.0,11,13
379,AD,5S,,,,,0.0,0.0,1.0,1.0,16,20
380,JC,6S,,,,,0.0,0.0,1.0,1.0,16,19
381,9D,3D,,,,,0.0,0.0,1.0,1.0,12,20
382,5C,AC,,,,,0.0,0.0,1.0,1.0,16,19
383,4C,3S,,,,,1.0,1.0,1.0,0.0,17,10
384,4C,3S,JC,,,,1.0,0.0,0.0,1.0,23,10
385,4H,6H,,,,,0.0,0.0,1.0,1.0,10,19
386,7D,5H,,,,,1.0,1.0,1.0,0.0,15,9
387,7D,5H,3C,,,,1.0,0.0,0.0,1.0,23,9
388,10D,5D,,,,,1.0,0.0,0.0,1.0,25,18
389,4C,3S,,,,,0.0,0.0,1.0,1.0,7,14
390,KH,JS,,,,,0.0,0.0,1.0,1.0,20,21
391,5C,QD,,,,,0.0,0.0,1.0,1.0,15,20
392,6S,6D,,,,,1.0,1.0,1.0,0.0,15,11
393,6S,6D,3S,,,,1.0,0.0,0.0,1.0,25,11
394,2H,10D,,,,,1.0,1.0,1.0,0.0,17,13
395,2H,10D,5D,,,,0.0,0.0,1.0,1.0,17,21
396,AH,8H,,,,,1.0,1.0,1.0,0.0,19,17
397,AH,8H,10S,,,,1.0,0.0,0.0,1.0,26,17
398,AS,4D,,,,,0.0,0.0,1.0,1.0,15,19
399,8D,QC,,,,,1.0,1.0,1.0,0.0,20,16
400,8D,QC,2S,,,,0.0,1.0,0.0,1.0,20,27
401,9C,KS,,,,,0.0,1.0,0.0,1.0,19,27
402,KD,5S,,,,,1.0,0.0,0.0,1.0,24,14
403,QH,9D,,,,,0.0,1.0,0.0,1.0,19,24
404,5D,4H,,,,,0.0,0.0,1.0,1.0,9,20
405,4D,AS,,,,,0.0,0.0,1.0,1.0,15,20
406,7H,3D,,,,,0.0,0.0,1.0,1.0,10,18
407,9H,6C,,,,,1.0,1.0,1.0,0.0,16,10
408,9H,6C,AS,,,,0.0,1.0,0.0,1.0,16,23
409,6S,JH,,,,,0.0,0.0,1.0,1.0,16,17
410,QS,2C,,,,,0.0,0.0,1.0,1.0,12,16
411,QS,5D,,,,,0.0,0.0,1.0,1.0,15,19
412,7D,4S,,,,,1.0,1.0,1.0,0.0,16,15
413,7D,4S,5S,,,,0.0,0.0,1.0,1.0,16,21
414,KS,JD,,,,,0.0,1.0,0.0,1.0,20,22
415,AC,3D,,,,,0.0,0.0,1.0,1.0,14,20
416,2H,9H,,,,,1.0,1.0,1.0,0.0,12,20
417,2H,9H,AS,,,,0.0,0.0,1.0,1.0,12,20
418,5H,9C,,,,,0.0,0.0,1.0,1.0,14,16
419,9C,8S,,,,,1.0,0.0,0.0,1.0,26,12
420,6S,2S,,,,,0.0,0.0,1.0,1.0,8,14
421,AS,3S,,,,,0.0,0.0,1.0,1.0,14,17
422,8S,AH,,,,,1.0,1.0,1.0,0.0,12,16
423,8S,AH,3S,,,,1.0,1.0,1.0,0.0,16,16
424,8S,AH,3S,4C,,,0.0,1.0,0.0,1.0,16,23
425,AC,3D,,,,,0.0,1.0,0.0,1.0,14,23
426,4D,4S,,,,,1.0,1.0,1.0,0.0,18,12
427,4D,4S,JH,,,,1.0,0.0,0.0,1.0,25,12
428,2C,AH,,,,,1.0,1.0,1.0,0.0,7,15
429,2C,AH,4D,,,,1.0,1.0,1.0,0.0,13,15
430,2C,AH,4D,6S,,,0.0,0.0,1.0,1.0,13,15
431,AC,3D,,,,,1.0,1.0,1.0,0.0,12,15
432,AC,3D,8S,,,,0.0,0.0,1.0,1.0,12,15
433,8D,KD,,,,,1.0,1.0,1.0,0.0,21,16
434,8D,AC,,,,,0.0,1.0,0.0,1.0,19,27
435,AD,9H,,,,,1.0,1.0,1.0,0.0,20,14
436,AD,9H,KS,,,,0.0,1.0,0.0,1.0,20,24
437,4C,5D,,,,,1.0,1.0,1.0,0.0,19,8
438,4C,5D,QD,,,,0.0,1.0,0.0,1.0,19,28
439,7H,7S,,,,,0.0,0.0,1.0,1.0,14,18
440,6H,7C,,,,,1.0,0.0,0.0,1.0,23,14
441,10D,9H,,,,,0.0,1.0,0.0,1.0,19,23
442,10S,QH,,,,,0.0,1.0,0.0,1.0,20,23
443,AD,8D,,,,,1.0,1.0,1.0,0.0,11,17
444,QS,JS,,,,,1.0,1.0,1.0,0.0,21,12
445,8S,KC,,,,,1.0,1.0,1.0,0.0,21,15
446,5S,KD,,,,,0.0,0.0,1.0,1.0,15,16
447,KS,JH,,,,,0.0,1.0,0.0,1.0,20,25
448,6C,8S,,,,,0.0,0.0,1.0,1.0,14,16
449,9H,6C,,,,,0.0,0.0,1.0,1.0,15,20
450,10H,8H,,,,,0.0,1.0,0.0,1.0,18,23
451,7D,10H,,,,,1.0,0.0,0.0,1.0,27,11
452,10C,2C,,,,,1.0,0.0,0.0,1.0,22,13
453,4D,8D,,,,,0.0,0.0,1.0,1.0,12,18
454,8C,2S,,,,,1.0,1.0,1.0,0.0,13,15
455,8C,2S,3C,,,,1.0,0.0,0.0,1.0,23,15
456,10D,QH,,,,,0.0,1.0,0.0,1.0,20,25
457,2H,10H,,,,,1.0,1.0,1.0,0.0,20,15
458,2H,10H,8S,,,,0.0,1.0,0.0,1.0,20,28
459,4S,KD,,,,,1.0,0.0,0.0,1.0,24,14
460,9C,KC,,,,,1.0,0.0,0.0,1.0,29,20
461,4S,8C,,,,,0.0,0.0,1.0,1.0,12,18
462,6D,7S,,,,,1.0,0.0,0.0,1.0,23,12
463,7H,2S,,,,,0.0,0.0,1.0,1.0,9,14
464,4D,KD,,,,,1.0,1.0,1.0,0.0,16,12
465,4D,KD,2C,,,,1.0,1.0,1.0,0.0,21,12
466,9C,5S,,,,,1.0,0.0,0.0,1.0,24,19
467,7S,9C,,,,,0.0,0.0,1.0,1.0,16,19
468,QS,7H,,,,,0.0,0.0,1.0,1.0,17,21
469,6H,KS,,,,,1.0,1.0,1.0,0.0,21,20
470,9S,QC,,,,,1.0,0.0,0.0,1.0,22,13
471,7H,KC,,,,,1.0,1.0,1.0,0.0,20,4
472,7H,KC,3H,,,,1.0,0.0,0.0,1.0,26,14
473,2S,7D,,,,,1.0,1.0,1.0,0.0,11,16
474,2S,7D,2C,,,,1.0,1.0,1.0,0.0,16,16
475,2S,7D,2C,5C,,,1.0,1.0,1.0,0.0,19,16
476,2S,7D,2C,5C,3D,,0.0,1.0,0.0,1.0,19,25
477,10H,10D,,,,,1.0,0.0,0.0,1.0,29,14
478,6S,10S,,,,,0.0,0.0,1.0,1.0,16,20
479,JC,5S,,,,,0.0,0.0,1.0,1.0,15,16
480,10C,10S,,,,,0.0,1.0,0.0,1.0,20,27
481,2C,2S,,,,,0.0,0.0,1.0,1.0,4,9
482,AC,2D,,,,,1.0,1.0,1.0,0.0,13,14
483,AC,2D,KD,,,,0.0,0.0,1.0,1.0,13,14
484,KD,5S,,,,,0.0,0.0,1.0,1.0,15,20
485,9H,6C,,,,,0.0,0.0,1.0,1.0,15,18
486,7H,AD,,,,,0.0,0.0,1.0,1.0,18,19
487,KD,4C,,,,,1.0,1.0,1.0,0.0,19,7
488,KD,4C,5H,,,,0.0,1.0,0.0,1.0,19,22
489,7C,2D,,,,,1.0,1.0,1.0,0.0,19,13
490,7C,2D,KS,,,,1.0,1.0,1.0,0.0,20,13
491,7C,2D,KS,AS,,,1.0,0.0,0.0,1.0,26,13
492,KC,6D,,,,,0.0,0.0,1.0,1.0,16,17
493,2D,7D,,,,,0.0,0.0,1.0,1.0,9,13
494,JH,2D,,,,,0.0,0.0,1.0,1.0,12,19
495,10H,3H,,,,,0.0,0.0,1.0,1.0,13,16
496,JH,8D,,,,,1.0,1.0,1.0,0.0,20,15
497,JH,8D,2S,,,,1.0,0.0,0.0,1.0,30,15
498,10S,5S,,,,,1.0,0.0,0.0,1.0,25,7
499,4D,2S,,,,,1.0,1.0,1.0,0.0,16,12
500,4D,2S,KD,,,,1.0,0.0,0.0,1.0,24,12
501,7C,2C,,,,,1.0,1.0,1.0,0.0,17,16
502,7C,2C,8D,,,,1.0,1.0,1.0,0.0,21,16
503,4D,7H,,,,,0.0,0.0,1.0,1.0,11,18
504,7S,8H,,,,,1.0,1.0,1.0,0.0,18,20
505,7S,8H,3S,,,,0.0,0.0,1.0,1.0,18,20
506,3H,6H,,,,,1.0,1.0,1.0,0.0,19,5
507,3H,6H,KS,,,,0.0,0.0,1.0,1.0,19,21
508,5H,JS,,,,,0.0,1.0,0.0,1.0,15,24
509,AD,2D,,,,,1.0,1.0,1.0,0.0,12,10
510,AD,2D,9D,,,,0.0,0.0,1.0,1.0,12,20
511,AD,7C,,,,,1.0,1.0,1.0,0.0,14,12
512,AD,7C,6D,,,,1.0,1.0,1.0,0.0,15,12
513,AD,7C,6D,AH,,,1.0,1.0,1.0,0.0,16,12
514,AD,7C,6D,AH,AS,,1.0,0.0,0.0,1.0,26,12
515,3S,9H,,,,,0.0,0.0,1.0,1.0,12,13
516,6D,5H,,,,,0.0,0.0,1.0,1.0,11,20
517,8S,6S,,,,,1.0,0.0,0.0,1.0,24,15
518,AD,5S,,,,,1.0,1.0,1.0,0.0,13,17
519,AD,5S,7S,,,,1.0,1.0,1.0,0.0,19,17
520,AD,5S,7S,6S,,,1.0,0.0,0.0,1.0,22,17
521,JC,6C,,,,,0.0,0.0,1.0,1.0,16,17
522,4D,5H,,,,,0.0,0.0,1.0,1.0,9,20
523,2C,4S,,,,,1.0,1.0,1.0,0.0,7,15
524,2C,4S,AC,,,,0.0,1.0,0.0,1.0,17,25
525,9C,4D,,,,,1.0,1.0,1.0,0.0,21,14
526,3S,8D,,,,,0.0,0.0,1.0,1.0,11,18
527,JS,6C,,,,,0.0,0.0,1.0,1.0,16,19
528,5H,AC,,,,,0.0,0.0,1.0,1.0,16,17
529,QD,6C,,,,,1.0,1.0,1.0,0.0,21,5
530,QS,KH,,,,,0.0,0.0,1.0,1.0,20,21
531,4C,4D,,,,,0.0,0.0,1.0,1.0,8,16
532,4C,2H,,,,,0.0,0.0,1.0,1.0,6,15
533,KH,QC,,,,,0.0,1.0,0.0,1.0,20,23
534,6D,4H,,,,,0.0,0.0,1.0,1.0,10,14
535,JH,10C,,,,,1.0,0.0,0.0,1.0,23,14
536,3S,3D,,,,,0.0,0.0,1.0,1.0,6,18
537,7S,QD,,,,,0.0,0.0,1.0,1.0,17,19
538,9H,3C,,,,,0.0,0.0,1.0,1.0,12,14
539,2C,6S,,,,,1.0,1.0,1.0,0.0,13,14
540,2C,6S,5C,,,,1.0,0.0,0.0,1.0,23,14
541,9S,6S,,,,,0.0,0.0,1.0,1.0,15,18
542,8D,4D,,,,,0.0,0.0,1.0,1.0,12,18
543,JD,2S,,,,,1.0,1.0,1.0,0.0,15,7
544,JD,2S,3S,,,,1.0,1.0,1.0,0.0,16,7
545,JD,2S,3S,AD,,,0.0,1.0,0.0,1.0,16,23
546,2C,AD,,,,,0.0,0.0,1.0,1.0,13,18
547,5S,3H,,,,,1.0,1.0,1.0,0.0,12,2
548,5S,3H,4C,,,,0.0,0.0,1.0,1.0,12,14
549,5S,JD,,,,,0.0,0.0,1.0,1.0,15,18
550,10C,6H,,,,,0.0,0.0,1.0,1.0,16,19
551,9H,AS,,,,,1.0,1.0,1.0,0.0,13,11
552,9H,AS,3D,,,,0.0,0.0,1.0,1.0,13,16
553,10C,5C,,,,,1.0,0.0,0.0,1.0,24,10
554,QH,KC,,,,,1.0,0.0,0.0,1.0,30,12
555,5D,7D,,,,,0.0,0.0,1.0,1.0,12,18
556,10H,8D,,,,,1.0,0.0,0.0,1.0,23,5
557,6D,4C,,,,,0.0,0.0,1.0,1.0,10,12
558,5D,QC,,,,,0.0,1.0,0.0,1.0,15,24
559,JC,6H,,,,,0.0,0.0,1.0,1.0,16,21
560,9H,9S,,,,,1.0,0.0,0.0,1.0,28,19
561,JH,5C,,,,,1.0,1.0,1.0,0.0,18,15
562,JH,5C,3C,,,,1.0,0.0,0.0,1.0,28,15
563,6H,10D,,,,,1.0,1.0,1.0,0.0,19,11
564,6H,10D,3C,,,,1.0,0.0,0.0,1.0,29,21
565,AC,4D,,,,,0.0,1.0,0.0,1.0,15,23
566,5S,AD,,,,,0.0,1.0,0.0,1.0,16,22
567,4H,JD,,,,,0.0,0.0,1.0,1.0,14,15
568,9D,5S,,,,,1.0,0.0,0.0,1.0,22,20
569,4D,6H,,,,,0.0,0.0,1.0,1.0,10,21
570,AH,9D,,,,,0.0,1.0,0.0,1.0,20,29
571,4D,10S,,,,,0.0,0.0,1.0,1.0,14,15
572,QH,4C,,,,,1.0,1.0,1.0,0.0,21,9
573,7C,7D,,,,,1.0,0.0,0.0,1.0,24,13
574,JC,9D,,,,,0.0,1.0,0.0,1.0,19,29
575,6D,8C,,,,,1.0,1.0,1.0,0.0,15,19
576,6D,8C,AS,,,,0.0,0.0,1.0,1.0,15,19
577,8S,5H,,,,,1.0,1.0,1.0,0.0,19,9
578,8S,5H,6D,,,,0.0,1.0,0.0,1.0,19,22
579,3C,KH,,,,,1.0,0.0,0.0,1.0,23,20
580,10S,6D,,,,,1.0,1.0,1.0,0.0,19,17
581,10S,6D,3H,,,,1.0,1.0,1.0,0.0,21,17
582,5C,7H,,,,,1.0,1.0,1.0,0.0,15,20
583,5C,7H,3H,,,,1.0,0.0,0.0,1.0,24,20
584,10C,3H,,,,,0.0,0.0,1.0,1.0,13,14
585,8D,KC,,,,,1.0,0.0,0.0,1.0,26,15
586,QS,8C,,,,,1.0,0.0,0.0,1.0,27,21
587,7D,8H,,,,,1.0,0.0,0.0,1.0,24,11
588,QH,JD,,,,,0.0,1.0,0.0,1.0,20,28
589,4S,QC,,,,,0.0,0.0,1.0,1.0,14,19
590,QC,3D,,,,,1.0,0.0,0.0,1.0,23,19
591,4H,KD,,,,,0.0,0.0,1.0,1.0,14,15
592,3D,KC,,,,,1.0,1.0,1.0,0.0,14,10
593,3D,KC,AS,,,,1.0,1.0,1.0,0.0,15,10
594,3D,KC,AS,AC,,,0.0,1.0,0.0,1.0,15,25
595,6S,QD,,,,,0.0,1.0,0.0,1.0,16,23
596,QC,KD,,,,,1.0,0.0,0.0,1.0,30,13
597,QC,7D,,,,,0.0,1.0,0.0,1.0,17,23
598,2H,7D,,,,,1.0,1.0,1.0,0.0,19,14
599,2H,7D,KC,,,,0.0,1.0,0.0,1.0,19,26
600,3S,6C,,,,,1.0,1.0,1.0,0.0,10,17
601,3S,6C,AS,,,,1.0,1.0,1.0,0.0,11,17
602,QC,6H,,,,,0.0,0.0,1.0,1.0,16,19
603,6D,5D,,,,,0.0,0.0,1.0,1.0,11,14
604,9D,7C,,,,,0.0,0.0,1.0,1.0,16,20
605,2D,3C,,,,,1.0,1.0,1.0,0.0,11,20
606,2D,3C,6H,,,,1.0,1.0,1.0,0.0,16,20
607,2D,3C,6H,5C,,,0.0,0.0,1.0,1.0,16,20
608,JD,5C,,,,,0.0,0.0,1.0,1.0,15,19
609,9D,JD,,,,,1.0,0.0,0.0,1.0,25,20
610,10D,3C,,,,,1.0,1.0,1.0,0.0,17,7
611,10D,3C,4D,,,,0.0,0.0,1.0,1.0,17,21
612,QC,JS,,,,,1.0,0.0,0.0,1.0,30,17
613,AD,AC,,,,,1.0,1.0,1.0,0.0,8,19
614,AD,AC,6H,,,,1.0,1.0,1.0,0.0,14,19
615,AD,AC,6H,6S,,,0.0,0.0,1.0,1.0,14,19
616,10H,9D,,,,,0.0,1.0,0.0,1.0,19,22
617,2H,2C,,,,,1.0,1.0,1.0,0.0,7,11
618,2H,2C,3C,,,,0.0,0.0,1.0,1.0,7,21
619,7S,3D,,,,,1.0,1.0,1.0,0.0,14,9
620,7S,3D,4H,,,,0.0,0.0,1.0,1.0,14,19
621,6D,10H,,,,,0.0,1.0,0.0,1.0,16,22
622,3H,10S,,,,,0.0,0.0,1.0,1.0,13,18
623,KD,6S,,,,,0.0,1.0,0.0,1.0,16,24
624,10S,6D,,,,,1.0,1.0,1.0,0.0,19,5
625,10S,6D,3S,,,,1.0,0.0,0.0,1.0,26,15
626,5H,5C,,,,,0.0,0.0,1.0,1.0,10,15
627,9C,7H,,,,,0.0,0.0,1.0,1.0,16,19
628,3H,7H,,,,,0.0,0.0,1.0,1.0,10,15
629,10C,8D,,,,,0.0,0.0,1.0,1.0,18,20
630,8D,6C,,,,,1.0,0.0,0.0,1.0,24,15
631,9S,2H,,,,,0.0,0.0,1.0,1.0,11,20
632,QS,JS,,,,,1.0,0.0,0.0,1.0,30,14
633,5S,9C,,,,,1.0,1.0,1.0,0.0,17,16
634,5S,9C,3C,,,,1.0,0.0,0.0,1.0,27,16
635,JC,3S,,,,,1.0,1.0,1.0,0.0,20,8
636,JC,3S,7H,,,,0.0,1.0,0.0,1.0,20,28
637,6H,5H,,,,,0.0,0.0,1.0,1.0,11,14
638,10D,JH,,,,,0.0,0.0,1.0,1.0,20,21
639,QH,4D,,,,,0.0,0.0,1.0,1.0,14,17
640,8S,9D,,,,,0.0,1.0,0.0,1.0,17,22
641,AS,3H,,,,,0.0,0.0,1.0,1.0,14,15
642,8C,10C,,,,,0.0,0.0,1.0,1.0,18,20
643,4H,4C,,,,,1.0,1.0,1.0,0.0,18,18
644,4H,4C,10D,,,,1.0,0.0,0.0,1.0,24,18
645,6D,3D,,,,,1.0,1.0,1.0,0.0,19,11
646,6D,3D,JD,,,,1.0,1.0,1.0,0.0,20,11
647,6D,3D,JD,AS,,,1.0,0.0,0.0,1.0,30,21
648,QC,7S,,,,,1.0,1.0,1.0,0.0,21,12
649,JH,6H,,,,,1.0,0.0,0.0,1.0,26,12
650,AS,4S,,,,,0.0,0.0,1.0,1.0,15,16
651,7S,4C,,,,,1.0,1.0,1.0,0.0,18,7
652,7S,4C,7C,,,,0.0,0.0,1.0,1.0,18,19
653,5S,4H,,,,,0.0,0.0,1.0,1.0,9,18
654,2C,KC,,,,,1.0,1.0,1.0,0.0,16,14
655,2C,KC,4D,,,,1.0,0.0,0.0,1.0,23,14
656,3H,5S,,,,,1.0,1.0,1.0,0.0,15,19
657,3H,5S,7D,,,,0.0,0.0,1.0,1.0,15,19
658,3S,4D,,,,,0.0,0.0,1.0,1.0,7,17
659,4D,6S,,,,,0.0,0.0,1.0,1.0,10,18
660,QC,JC,,,,,0.0,1.0,0.0,1.0,20,27
661,9C,KH,,,,,0.0,1.0,0.0,1.0,19,22
662,2H,JS,,,,,1.0,0.0,0.0,1.0,22,20
663,9C,8S,,,,,0.0,1.0,0.0,1.0,17,23
664,6C,7D,,,,,1.0,0.0,0.0,1.0,23,7
665,6H,8D,,,,,1.0,0.0,0.0,1.0,24,13
666,7S,KC,,,,,0.0,0.0,1.0,1.0,17,20
667,10C,10D,,,,,0.0,1.0,0.0,1.0,20,23
668,KC,2S,,,,,1.0,1.0,1.0,0.0,13,15
669,KC,2S,AC,,,,1.0,1.0,1.0,0.0,17,15
670,KC,2S,AC,4H,,,1.0,0.0,0.0,1.0,27,15
671,6C,6H,,,,,1.0,1.0,1.0,0.0,18,16
672,6C,6H,6D,,,,0.0,1.0,0.0,1.0,18,23
673,10H,9H,,,,,1.0,0.0,0.0,1.0,27,10
674,10C,4H,,,,,1.0,0.0,0.0,1.0,24,9
675,QD,4H,,,,,1.0,1.0,1.0,0.0,16,19
676,QD,4H,2S,,,,1.0,0.0,0.0,1.0,24,19
677,2S,JC,,,,,0.0,1.0,0.0,1.0,12,22
678,8D,KS,,,,,1.0,0.0,0.0,1.0,28,14
679,5C,5D,,,,,1.0,1.0,1.0,0.0,13,12
680,5C,5D,3C,,,,1.0,1.0,1.0,0.0,16,12
681,5C,5D,3C,3S,,,1.0,0.0,0.0,1.0,25,12
682,3D,4C,,,,,0.0,0.0,1.0,1.0,7,12
683,3D,6S,,,,,0.0,0.0,1.0,1.0,9,14
684,QD,2S,,,,,1.0,1.0,1.0,0.0,19,10
685,QD,2S,7H,,,,0.0,1.0,0.0,1.0,19,29
686,10H,6H,,,,,1.0,0.0,0.0,1.0,23,20
687,QS,8S,,,,,0.0,0.0,1.0,1.0,18,21
688,10H,JS,,,,,0.0,0.0,1.0,1.0,20,21
689,10C,KS,,,,,0.0,1.0,0.0,1.0,20,30
690,10D,3D,,,,,0.0,0.0,1.0,1.0,13,21
691,3S,KC,,,,,0.0,0.0,1.0,1.0,13,19
692,JC,KD,,,,,0.0,1.0,0.0,1.0,20,29
693,JC,5D,,,,,0.0,0.0,1.0,1.0,15,17
694,2C,AS,,,,,1.0,1.0,1.0,0.0,5,10
695,2C,AS,2S,,,,0.0,1.0,0.0,1.0,15,23
696,9D,QD,,,,,1.0,0.0,0.0,1.0,23,10
697,JC,10H,,,,,0.0,1.0,0.0,1.0,20,27
698,6D,4C,,,,,1.0,1.0,1.0,0.0,17,11
699,6D,4C,7S,,,,1.0,0.0,0.0,1.0,27,21
700,KD,6C,,,,,0.0,0.0,1.0,1.0,16,20
701,2D,KS,,,,,0.0,0.0,1.0,1.0,12,14
702,3C,QD,,,,,0.0,0.0,1.0,1.0,13,16
703,QD,8S,,,,,1.0,1.0,1.0,0.0,19,13
704,QD,8S,AS,,,,0.0,0.0,1.0,1.0,19,21
705,JD,KH,,,,,0.0,1.0,0.0,1.0,20,24
706,JD,4D,,,,,0.0,0.0,1.0,1.0,14,20
707,4C,AD,,,,,1.0,1.0,1.0,0.0,12,17
708,4C,AD,7S,,,,0.0,0.0,1.0,1.0,12,17
709,10S,7C,,,,,1.0,0.0,0.0,1.0,22,12
710,7S,2C,,,,,1.0,1.0,1.0,0.0,17,12
711,7S,2C,8H,,,,1.0,0.0,0.0,1.0,27,12
712,5H,5C,,,,,1.0,1.0,1.0,0.0,20,18
713,5H,5C,JS,,,,0.0,1.0,0.0,1.0,20,26
714,4S,5S,,,,,0.0,0.0,1.0,1.0,9,19
715,3S,AH,,,,,0.0,1.0,0.0,1.0,14,22
716,JH,2S,,,,,1.0,1.0,1.0,0.0,20,11
717,JH,2S,8H,,,,0.0,0.0,1.0,1.0,20,21
718,4C,8S,,,,,1.0,1.0,1.0,0.0,19,12
719,4C,8S,7S,,,,1.0,0.0,0.0,1.0,29,12
720,8C,5H,,,,,1.0,0.0,0.0,1.0,23,21
721,3H,8C,,,,,1.0,1.0,1.0,0.0,17,15
722,3H,8C,6D,,,,1.0,0.0,0.0,1.0,23,15
723,2C,KS,,,,,0.0,0.0,1.0,1.0,12,21
724,QD,10C,,,,,1.0,0.0,0.0,1.0,27,12
725,AD,7C,,,,,0.0,0.0,1.0,1.0,18,19
726,4C,2H,,,,,0.0,0.0,1.0,1.0,6,15
727,3C,AC,,,,,0.0,0.0,1.0,1.0,14,15
728,3H,QD,,,,,1.0,1.0,1.0,0.0,21,12
729,8C,3S,,,,,0.0,0.0,1.0,1.0,11,18
730,7D,6H,,,,,0.0,0.0,1.0,1.0,13,18
731,10S,QC,,,,,1.0,1.0,1.0,0.0,21,17
732,9S,KH,,,,,0.0,1.0,0.0,1.0,19,28
733,6H,7C,,,,,0.0,0.0,1.0,1.0,13,21
734,6H,5D,,,,,0.0,0.0,1.0,1.0,11,13
735,8C,3S,,,,,0.0,0.0,1.0,1.0,11,19
736,5D,2S,,,,,0.0,0.0,1.0,1.0,7,15
737,5C,6D,,,,,1.0,1.0,1.0,0.0,21,8
738,KS,6C,,,,,1.0,0.0,0.0,1.0,23,13
739,JC,4C,,,,,1.0,1.0,1.0,0.0,19,9
740,JC,4C,5H,,,,0.0,0.0,1.0,1.0,19,21
741,9D,7H,,,,,0.0,0.0,1.0,1.0,16,17
742,QS,2H,,,,,1.0,1.0,1.0,0.0,19,13
743,QS,2H,7C,,,,0.0,0.0,1.0,1.0,19,20
744,10H,QS,,,,,1.0,0.0,0.0,1.0,28,20
745,3H,QH,,,,,0.0,0.0,1.0,1.0,13,20
746,6S,KD,,,,,0.0,0.0,1.0,1.0,16,18
747,6D,KS,,,,,0.0,1.0,0.0,1.0,16,24
748,KD,3D,,,,,0.0,0.0,1.0,1.0,13,18
749,AC,5C,,,,,1.0,1.0,1.0,0.0,8,8
750,AC,5C,2C,,,,1.0,1.0,1.0,0.0,18,8
751,AC,5C,2C,KD,,,0.0,1.0,0.0,1.0,18,28
752,8S,8D,,,,,1.0,0.0,0.0,1.0,22,7
753,8H,6S,,,,,1.0,1.0,1.0,0.0,20,15
754,8H,6S,6D,,,,1.0,1.0,1.0,0.0,21,15
755,KS,8S,,,,,0.0,1.0,0.0,1.0,18,24
756,JH,QC,,,,,0.0,1.0,0.0,1.0,20,30
757,9D,QH,,,,,1.0,0.0,0.0,1.0,23,12
758,QC,4H,,,,,1.0,0.0,0.0,1.0,24,19
759,AC,5H,,,,,0.0,1.0,0.0,1.0,16,26
760,4C,KH,,,,,1.0,0.0,0.0,1.0,24,14
761,KS,QH,,,,,0.0,1.0,0.0,1.0,20,22
762,8D,10S,,,,,1.0,0.0,0.0,1.0,24,14
763,7C,5C,,,,,1.0,1.0,1.0,0.0,15,14
764,7C,5C,3S,,,,1.0,1.0,1.0,0.0,16,14
765,7C,5C,3S,AS,,,0.0,1.0,0.0,1.0,16,24
766,QD,9D,,,,,1.0,0.0,0.0,1.0,24,11
767,6H,4H,,,,,1.0,1.0,1.0,0.0,20,3
768,6H,4H,QS,,,,0.0,1.0,0.0,1.0,20,29
769,4D,6C,,,,,1.0,1.0,1.0,0.0,20,10
770,4D,6C,KC,,,,0.0,1.0,0.0,1.0,20,22
771,8D,2H,,,,,1.0,1.0,1.0,0.0,13,11
772,8D,2H,3C,,,,1.0,1.0,1.0,0.0,17,11
773,8D,2H,3C,4S,,,0.0,0.0,1.0,1.0,17,21
774,7D,8S,,,,,1.0,1.0,1.0,0.0,19,14
775,7D,8S,4C,,,,1.0,0.0,0.0,1.0,22,14
776,JC,8H,,,,,1.0,0.0,0.0,1.0,24,10
777,9D,3H,,,,,0.0,0.0,1.0,1.0,12,18
778,KD,5S,,,,,1.0,0.0,0.0,1.0,23,10
779,4H,2C,,,,,0.0,0.0,1.0,1.0,6,19
780,8S,6H,,,,,1.0,0.0,0.0,1.0,23,13
781,4C,9H,,,,,1.0,0.0,0.0,1.0,23,14
782,JC,3S,,,,,0.0,0.0,1.0,1.0,13,16
783,10H,2S,,,,,1.0,1.0,1.0,0.0,20,17
784,10H,2S,8C,,,,0.0,1.0,0.0,1.0,20,27
785,QD,6D,,,,,0.0,0.0,1.0,1.0,16,20
786,QC,6C,,,,,0.0,1.0,0.0,1.0,16,24
787,7D,2H,,,,,1.0,1.0,1.0,0.0,15,14
788,7D,2H,6D,,,,1.0,1.0,1.0,0.0,21,14
789,2D,8D,,,,,1.0,1.0,1.0,0.0,20,13
790,2D,8D,JC,,,,1.0,1.0,1.0,0.0,21,13
791,7C,QH,,,,,1.0,0.0,0.0,1.0,27,19
792,6C,3C,,,,,1.0,1.0,1.0,0.0,14,17
793,6C,3C,5D,,,,1.0,0.0,0.0,1.0,24,17
794,3H,AC,,,,,1.0,1.0,1.0,0.0,14,9
795,3H,AC,JC,,,,0.0,0.0,1.0,1.0,14,18
796,8H,4C,,,,,0.0,0.0,1.0,1.0,12,20
797,7C,4S,,,,,0.0,0.0,1.0,1.0,11,14
798,5C,10C,,,,,0.0,1.0,0.0,1.0,15,23
799,4H,6H,,,,,0.0,0.0,1.0,1.0,10,13
800,QC,6D,,,,,0.0,0.0,1.0,1.0,16,20
801,JH,10S,,,,,1.0,0.0,0.0,1.0,30,15
802,10S,10C,,,,,1.0,0.0,0.0,1.0,30,13
803,5D,2S,,,,,1.0,1.0,1.0,0.0,10,18
804,5D,2S,3H,,,,1.0,1.0,1.0,0.0,20,18
805,5D,2S,3H,10C,,,1.0,0.0,0.0,1.0,30,18
806,4D,2C,,,,,0.0,0.0,1.0,1.0,6,12
807,2S,7D,,,,,1.0,1.0,1.0,0.0,14,12
808,2S,7D,5S,,,,0.0,0.0,1.0,1.0,14,19
809,10S,2S,,,,,0.0,0.0,1.0,1.0,12,16
810,KH,4S,,,,,1.0,0.0,0.0,1.0,22,7
811,5H,4S,,,,,0.0,0.0,1.0,1.0,9,20
812,7H,8D,,,,,0.0,0.0,1.0,1.0,15,18
813,9H,6D,,,,,1.0,0.0,0.0,1.0,25,11
814,10H,JD,,,,,1.0,0.0,0.0,1.0,30,9
815,7C,5S,,,,,1.0,1.0,1.0,0.0,20,18
816,7C,5S,8C,,,,0.0,1.0,0.0,1.0,20,27
817,JH,QH,,,,,1.0,0.0,0.0,1.0,24,14
818,KC,6D,,,,,1.0,0.0,0.0,1.0,24,10
819,4D,4S,,,,,0.0,0.0,1.0,1.0,8,17
820,2C,9S,,,,,0.0,0.0,1.0,1.0,11,16
821,8H,7S,,,,,1.0,1.0,1.0,0.0,18,9
822,8H,7S,3H,,,,0.0,0.0,1.0,1.0,18,19
823,KS,3C,,,,,0.0,0.0,1.0,1.0,13,14
824,QC,6S,,,,,1.0,1.0,1.0,0.0,21,20
825,6C,3H,,,,,0.0,0.0,1.0,1.0,9,17
826,4H,8S,,,,,0.0,0.0,1.0,1.0,12,20
827,2D,JH,,,,,1.0,1.0,1.0,0.0,13,11
828,2D,JH,AH,,,,0.0,0.0,1.0,1.0,13,21
829,7D,10C,,,,,1.0,0.0,0.0,1.0,26,15
830,AD,6H,,,,,1.0,1.0,1.0,0.0,12,5
831,AD,6H,5S,,,,0.0,0.0,1.0,1.0,12,15
832,5C,JS,,,,,0.0,0.0,1.0,1.0,15,18
833,4C,7D,,,,,0.0,0.0,1.0,1.0,11,14
834,8D,3H,,,,,1.0,1.0,1.0,0.0,20,20
835,8D,3H,9D,,,,1.0,0.0,0.0,1.0,24,20
836,4S,KS,,,,,0.0,0.0,1.0,1.0,14,16
837,9C,2C,,,,,1.0,1.0,1.0,0.0,21,14
838,AH,7H,,,,,1.0,1.0,1.0,0.0,10,9
839,AH,7H,2S,,,,1.0,1.0,1.0,0.0,15,9
840,AH,7H,2S,5H,,,0.0,0.0,1.0,1.0,15,16
841,7C,3S,,,,,1.0,1.0,1.0,0.0,15,20
842,7C,3S,5S,,,,1.0,1.0,1.0,0.0,21,20
843,5H,3H,,,,,1.0,1.0,1.0,0.0,18,15
844,5H,3H,10C,,,,0.0,1.0,0.0,1.0,18,25
845,JH,5D,,,,,1.0,1.0,1.0,0.0,19,13
846,JH,5D,4D,,,,0.0,1.0,0.0,1.0,19,23
847,4H,9C,,,,,0.0,0.0,1.0,1.0,13,20
848,10H,7D,,,,,1.0,1.0,1.0,0.0,18,16
849,10H,7D,AC,,,,1.0,0.0,0.0,1.0,25,16
850,KD,QC,,,,,0.0,1.0,0.0,1.0,20,29
851,KH,KC,,,,,0.0,1.0,0.0,1.0,20,27
852,3H,10C,,,,,0.0,0.0,1.0,1.0,13,20
853,8C,8D,,,,,0.0,0.0,1.0,1.0,16,18
854,3C,8S,,,,,1.0,1.0,1.0,0.0,21,3
855,2H,9H,,,,,1.0,1.0,1.0,0.0,21,18
856,8H,6C,,,,,0.0,0.0,1.0,1.0,14,20
857,10D,10C,,,,,0.0,1.0,0.0,1.0,20,25
858,3S,8S,,,,,0.0,0.0,1.0,1.0,11,20
859,8S,JH,,,,,0.0,1.0,0.0,1.0,18,26
860,10H,7D,,,,,0.0,0.0,1.0,1.0,17,21
861,JC,6H,,,,,0.0,0.0,1.0,1.0,16,20
862,8D,4S,,,,,1.0,1.0,1.0,0.0,18,12
863,8D,4S,6H,,,,0.0,0.0,1.0,1.0,18,21
864,5D,6D,,,,,0.0,0.0,1.0,1.0,11,16
865,2H,3D,,,,,0.0,0.0,1.0,1.0,5,17
866,AC,3D,,,,,0.0,0.0,1.0,1.0,14,20
867,9H,3S,,,,,0.0,0.0,1.0,1.0,12,14
868,QH,6H,,,,,1.0,1.0,1.0,0.0,20,4
869,QH,6H,4D,,,,1.0,0.0,0.0,1.0,26,14
870,2D,7S,,,,,0.0,0.0,1.0,1.0,9,19
871,QD,5C,,,,,0.0,0.0,1.0,1.0,15,16
872,8C,9D,,,,,0.0,1.0,0.0,1.0,17,24
873,3C,JH,,,,,0.0,0.0,1.0,1.0,13,16
874,JH,9S,,,,,0.0,1.0,0.0,1.0,19,23
875,AC,8S,,,,,1.0,1.0,1.0,0.0,19,9
876,AC,8S,10C,,,,1.0,0.0,0.0,1.0,26,9
877,3D,6C,,,,,1.0,1.0,1.0,0.0,18,13
878,3D,6C,9S,,,,1.0,0.0,0.0,1.0,28,13
879,JH,2C,,,,,1.0,1.0,1.0,0.0,20,20
880,JH,2C,8C,,,,1.0,0.0,0.0,1.0,24,20
881,3S,QH,,,,,0.0,1.0,0.0,1.0,13,23
882,QH,8S,,,,,1.0,0.0,0.0,1.0,26,14
883,7D,10H,,,,,0.0,1.0,0.0,1.0,17,24
884,2C,KH,,,,,1.0,1.0,1.0,0.0,20,13
885,2C,KH,8H,,,,1.0,0.0,0.0,1.0,24,13
886,4H,KC,,,,,1.0,0.0,0.0,1.0,24,12
887,4C,5D,,,,,1.0,1.0,1.0,0.0,10,12
888,4C,5D,AH,,,,1.0,1.0,1.0,0.0,13,12
889,4C,5D,AH,3D,,,0.0,0.0,1.0,1.0,13,17
890,JH,6D,,,,,1.0,0.0,0.0,1.0,26,16
891,10S,KD,,,,,0.0,1.0,0.0,1.0,20,24
892,3C,AS,,,,,1.0,1.0,1.0,0.0,14,5
893,3C,AS,JC,,,,1.0,0.0,0.0,1.0,24,15
894,7D,10H,,,,,0.0,0.0,1.0,1.0,17,20
895,5D,8D,,,,,0.0,0.0,1.0,1.0,13,18
896,QS,KS,,,,,0.0,0.0,1.0,1.0,20,21
897,2D,7H,,,,,1.0,1.0,1.0,0.0,19,14
898,2D,7H,10C,,,,0.0,1.0,0.0,1.0,19,24
899,2D,9S,,,,,0.0,0.0,1.0,1.0,11,15
900,2D,JC,,,,,0.0,1.0,0.0,1.0,12,22
901,10S,3H,,,,,0.0,0.0,1.0,1.0,13,16
902,5S,8H,,,,,0.0,0.0,1.0,1.0,13,20
903,7D,10H,,,,,1.0,0.0,0.0,1.0,27,19
904,8D,8S,,,,,1.0,0.0,0.0,1.0,26,17
905,4S,7C,,,,,0.0,0.0,1.0,1.0,11,19
906,7S,JC,,,,,1.0,1.0,1.0,0.0,19,8
907,7S,JC,2C,,,,0.0,1.0,0.0,1.0,19,23
908,4C,KH,,,,,0.0,0.0,1.0,1.0,14,16
909,3C,AC,,,,,0.0,0.0,1.0,1.0,14,15
910,4C,10H,,,,,0.0,0.0,1.0,1.0,14,16
911,8D,3S,,,,,1.0,1.0,1.0,0.0,12,16
912,8D,3S,AD,,,,1.0,1.0,1.0,0.0,19,16
913,8D,3S,AD,7S,,,1.0,0.0,0.0,1.0,23,16
914,5H,5C,,,,,0.0,0.0,1.0,1.0,10,18
915,9D,KS,,,,,0.0,0.0,1.0,1.0,19,20
916,7H,3S,,,,,1.0,1.0,1.0,0.0,20,18
917,7H,3S,QS,,,,1.0,0.0,0.0,1.0,30,18
918,8H,5H,,,,,1.0,0.0,0.0,1.0,22,15
919,AC,9C,,,,,0.0,1.0,0.0,1.0,20,23
920,KH,2H,,,,,1.0,0.0,0.0,1.0,22,13
921,3C,4D,,,,,0.0,0.0,1.0,1.0,7,21
922,3C,KD,,,,,1.0,0.0,0.0,1.0,23,9
923,10C,JC,,,,,1.0,0.0,0.0,1.0,27,18
924,KD,7S,,,,,1.0,0.0,0.0,1.0,25,15
925,4C,10C,,,,,0.0,0.0,1.0,1.0,14,16
926,AC,6H,,,,,0.0,1.0,0.0,1.0,17,24
927,3H,6D,,,,,1.0,1.0,1.0,0.0,13,17
928,3H,6D,4D,,,,0.0,0.0,1.0,1.0,13,17
929,5D,3H,,,,,0.0,0.0,1.0,1.0,8,15
930,4S,6D,,,,,1.0,1.0,1.0,0.0,16,13
931,4S,6D,6C,,,,0.0,0.0,1.0,1.0,16,20
932,QH,9H,,,,,1.0,0.0,0.0,1.0,26,19
933,KD,6S,,,,,1.0,0.0,0.0,1.0,26,20
934,5S,2H,,,,,0.0,0.0,1.0,1.0,7,18
935,7C,2D,,,,,1.0,1.0,1.0,0.0,18,12
936,7C,2D,9H,,,,1.0,0.0,0.0,1.0,23,12
937,10D,KS,,,,,1.0,0.0,0.0,1.0,22,19
938,KS,QS,,,,,1.0,0.0,0.0,1.0,26,14
939,7C,QC,,,,,1.0,1.0,1.0,0.0,18,15
940,7C,QC,AH,,,,1.0,0.0,0.0,1.0,27,15
941,JD,2S,,,,,0.0,0.0,1.0,1.0,12,15
942,8C,7H,,,,,1.0,1.0,1.0,0.0,16,11
943,8C,7H,AH,,,,1.0,0.0,0.0,1.0,26,11
944,QH,KD,,,,,0.0,1.0,0.0,1.0,20,27
945,2D,KC,,,,,0.0,0.0,1.0,1.0,12,17
946,QS,QD,,,,,0.0,1.0,0.0,1.0,20,25
947,2D,4S,,,,,1.0,1.0,1.0,0.0,8,15
948,2D,4S,2C,,,,1.0,1.0,1.0,0.0,11,15
949,2D,4S,2C,3D,,,0.0,0.0,1.0,1.0,11,15
950,2D,JS,,,,,0.0,0.0,1.0,1.0,12,13
951,10C,KD,,,,,0.0,0.0,1.0,1.0,20,21
952,KC,QC,,,,,1.0,0.0,0.0,1.0,23,12
953,5D,QH,,,,,1.0,1.0,1.0,0.0,19,11
954,5D,QH,4D,,,,0.0,0.0,1.0,1.0,19,21
955,KC,6H,,,,,1.0,0.0,0.0,1.0,26,21
956,7C,2C,,,,,1.0,1.0,1.0,0.0,15,12
957,7C,2C,6C,,,,1.0,0.0,0.0,1.0,25,12
958,JS,9S,,,,,0.0,1.0,0.0,1.0,19,27
959,2H,JH,,,,,0.0,0.0,1.0,1.0,12,17
960,10C,QC,,,,,0.0,1.0,0.0,1.0,20,30
961,10S,8S,,,,,1.0,0.0,0.0,1.0,27,13
962,10C,3S,,,,,1.0,0.0,0.0,1.0,23,15
963,5C,10H,,,,,1.0,0.0,0.0,1.0,24,10
964,JD,8D,,,,,0.0,0.0,1.0,1.0,18,20
965,8S,KH,,,,,0.0,0.0,1.0,1.0,18,19
966,JH,6D,,,,,1.0,0.0,0.0,1.0,26,10
967,AH,3C,,,,,1.0,1.0,1.0,0.0,8,18
968,AH,3C,4C,,,,1.0,1.0,1.0,0.0,16,18
969,AH,3C,4C,8C,,,0.0,0.0,1.0,1.0,16,18
970,6S,AS,,,,,1.0,1.0,1.0,0.0,17,15
971,6S,AS,KC,,,,1.0,0.0,0.0,1.0,23,15
972,10H,8H,,,,,1.0,0.0,0.0,1.0,25,15
973,10D,2D,,,,,0.0,0.0,1.0,1.0,12,21
974,10C,6S,,,,,0.0,0.0,1.0,1.0,16,20
975,QH,10H,,,,,1.0,0.0,0.0,1.0,29,19
976,4D,9D,,,,,0.0,0.0,1.0,1.0,13,19
977,4C,6D,,,,,0.0,0.0,1.0,1.0,10,12
978,QD,7D,,,,,0.0,0.0,1.0,1.0,17,18
979,9S,2C,,,,,1.0,1.0,1.0,0.0,21,15
980,9D,3S,,,,,0.0,0.0,1.0,1.0,12,18
981,QD,7S,,,,,1.0,1.0,1.0,0.0,20,15
982,QD,7S,3S,,,,1.0,0.0,0.0,1.0,30,15
983,8D,5S,,,,,0.0,0.0,1.0,1.0,13,14
984,KH,2S,,,,,0.0,0.0,1.0,1.0,12,19
985,7D,8D,,,,,1.0,1.0,1.0,0.0,17,14
986,7D,8D,2H,,,,0.0,1.0,0.0,1.0,17,24
987,6C,4D,,,,,1.0,1.0,1.0,0.0,13,11
988,6C,4D,3S,,,,0.0,0.0,1.0,1.0,13,21
989,AS,3D,,,,,0.0,0.0,1.0,1.0,14,16
990,4C,9H,,,,,0.0,0.0,1.0,1.0,13,18
991,5D,9S,,,,,1.0,1.0,1.0,0.0,19,9
992,5D,9S,5C,,,,0.0,0.0,1.0,1.0,19,20
993,QS,QD,,,,,1.0,0.0,0.0,1.0,30,11
994,5S,6H,,,,,1.0,1.0,1.0,0.0,17,8
995,5S,6H,6C,,,,0.0,0.0,1.0,1.0,17,18
996,6H,JS,,,,,0.0,1.0,0.0,1.0,16,26
997,7C,AC,,,,,0.0,0.0,1.0,1.0,18,19
998,10C,5C,,,,,0.0,0.0,1.0,1.0,15,19
999,KH,JC,,,,,1.0,0.0,0.0,1.0,25,12
1000,3S,5D,,,,,0.0,0.0,1.0,1.0,8,20
1001,6S,10S,,,,,0.0,0.0,1.0,1.0,16,20
1002,8C,QC,,,,,1.0,0.0,0.0,1.0,24,20
1003,7D,3S,,,,,1.0,1.0,1.0,0.0,18,4
1004,7D,3S,8H,,,,1.0,1.0,1.0,0.0,19,4
1005,7D,3S,8H,AD,,,0.0,1.0,0.0,1.0,19,23
1006,9H,KD,,,,,0.0,0.0,1.0,1.0,19,20
1007,KD,4H,,,,,1.0,1.0,1.0,0.0,16,11
1008,KD,4H,2D,,,,1.0,0.0,0.0,1.0,26,11
1009,2H,QS,,,,,1.0,0.0,0.0,1.0,22,14
1010,QH,4C,,,,,1.0,1.0,1.0,0.0,19,13
1011,QH,4C,5H,,,,1.0,0.0,0.0,1.0,28,13
1012,KH,6H,,,,,1.0,1.0,1.0,0.0,17,14
1013,KH,6H,AH,,,,0.0,1.0,0.0,1.0,17,22
1014,8C,AS,,,,,1.0,1.0,1.0,0.0,10,14
1015,8C,AS,AH,,,,0.0,1.0,0.0,1.0,20,24
1016,JD,JH,,,,,0.0,1.0,0.0,1.0,20,28
1017,7H,9C,,,,,0.0,0.0,1.0,1.0,16,18
1018,9S,JC,,,,,1.0,0.0,0.0,1.0,26,14
1019,8H,AH,,,,,1.0,1.0,1.0,0.0,18,7
1020,8H,AH,9S,,,,0.0,1.0,0.0,1.0,18,26
1021,JC,JD,,,,,0.0,1.0,0.0,1.0,20,30
1022,6D,JC,,,,,0.0,1.0,0.0,1.0,16,24
1023,3C,8C,,,,,1.0,1.0,1.0,0.0,21,14
1024,10C,JS,,,,,1.0,0.0,0.0,1.0,30,16
1025,6H,7H,,,,,1.0,1.0,1.0,0.0,21,20
1026,10C,7H,,,,,0.0,0.0,1.0,1.0,17,20
1027,7C,3H,,,,,1.0,1.0,1.0,0.0,19,20
1028,7C,3H,9C,,,,0.0,0.0,1.0,1.0,19,20
1029,8H,9S,,,,,1.0,1.0,1.0,0.0,20,8
1030,8H,9S,3C,,,,1.0,0.0,0.0,1.0,30,8
1031,AC,5C,,,,,1.0,1.0,1.0,0.0,10,14
1032,AC,5C,4S,,,,0.0,1.0,0.0,1.0,20,22
1033,8S,3S,,,,,0.0,0.0,1.0,1.0,11,12
1034,7D,2S,,,,,1.0,1.0,1.0,0.0,19,16
1035,7D,2S,KC,,,,0.0,1.0,0.0,1.0,19,22
1036,8S,KS,,,,,0.0,1.0,0.0,1.0,18,24
1037,2S,JH,,,,,0.0,0.0,1.0,1.0,12,18
1038,2D,2H,,,,,1.0,1.0,1.0,0.0,12,7
1039,2D,2H,8D,,,,0.0,0.0,1.0,1.0,12,17
1040,5H,7S,,,,,1.0,1.0,1.0,0.0,20,13
1041,5H,7S,8D,,,,0.0,0.0,1.0,1.0,20,21
1042,2S,9S,,,,,0.0,0.0,1.0,1.0,11,18
1043,3C,KD,,,,,1.0,0.0,0.0,1.0,23,15
1044,KH,9H,,,,,1.0,0.0,0.0,1.0,22,6
1045,10H,KS,,,,,0.0,1.0,0.0,1.0,20,26
1046,QS,3S,,,,,0.0,0.0,1.0,1.0,13,20
1047,9S,7H,,,,,0.0,1.0,0.0,1.0,16,24
1048,5S,8H,,,,,0.0,0.0,1.0,1.0,13,14
1049,6D,2S,,,,,1.0,1.0,1.0,0.0,13,3
1050,6D,2S,5S,,,,0.0,1.0,0.0,1.0,13,23
1051,KS,JS,,,,,0.0,0.0,1.0,1.0,20,21
1052,6C,7H,,,,,1.0,0.0,0.0,1.0,22,11
1053,9D,9H,,,,,1.0,1.0,1.0,0.0,20,15
1054,9D,9H,2S,,,,1.0,0.0,0.0,1.0,28,15
1055,8C,2H,,,,,0.0,0.0,1.0,1.0,10,11
1056,5D,2D,,,,,1.0,1.0,1.0,0.0,10,15
1057,5D,2D,3D,,,,0.0,0.0,1.0,1.0,10,15
1058,3D,AC,,,,,0.0,0.0,1.0,1.0,14,18
1059,QC,JS,,,,,0.0,0.0,1.0,1.0,20,21
1060,JH,7D,,,,,1.0,0.0,0.0,1.0,25,13
1061,3C,10C,,,,,1.0,1.0,1.0,0.0,19,9
1062,3C,10C,6S,,,,1.0,0.0,0.0,1.0,25,19
1063,6D,KD,,,,,1.0,0.0,0.0,1.0,26,10
1064,JD,10D,,,,,0.0,1.0,0.0,1.0,20,24
1065,2H,QC,,,,,0.0,0.0,1.0,1.0,12,17
1066,QH,8D,,,,,0.0,0.0,1.0,1.0,18,19
1067,JH,4D,,,,,0.0,0.0,1.0,1.0,14,20
1068,2C,10S,,,,,0.0,0.0,1.0,1.0,12,17
1069,KD,5H,,,,,0.0,0.0,1.0,1.0,15,19
1070,7C,AD,,,,,0.0,1.0,0.0,1.0,18,24
1071,9C,3C,,,,,0.0,0.0,1.0,1.0,12,21
1072,KD,7C,,,,,1.0,0.0,0.0,1.0,22,18
1073,9C,9S,,,,,0.0,1.0,0.0,1.0,18,22
1074,3D,QH,,,,,1.0,1.0,1.0,0.0,21,20
1075,AD,8D,,,,,1.0,1.0,1.0,0.0,12,9
1076,AD,8D,3S,,,,1.0,1.0,1.0,0.0,19,9
1077,AD,8D,3S,7H,,,0.0,0.0,1.0,1.0,19,21
1078,2H,2C,,,,,1.0,1.0,1.0,0.0,5,20
1079,2H,2C,AD,,,,1.0,1.0,1.0,0.0,12,20
1080,2H,2C,AD,7S,,,1.0,0.0,0.0,1.0,22,20
1081,9D,3C,,,,,1.0,1.0,1.0,0.0,17,9
1082,9D,3C,5H,,,,0.0,0.0,1.0,1.0,17,19
1083,9D,8D,,,,,1.0,0.0,0.0,1.0,27,15
1084,4D,KD,,,,,1.0,0.0,0.0,1.0,24,11
1085,3D,8C,,,,,0.0,0.0,1.0,1.0,11,20
1086,QS,3D,,,,,0.0,0.0,1.0,1.0,13,18
1087,9C,7H,,,,,0.0,1.0,0.0,1.0,16,23
1088,4C,3H,,,,,1.0,1.0,1.0,0.0,17,11
1089,4C,3H,10D,,,,1.0,0.0,0.0,1.0,27,11
1090,JS,7H,,,,,1.0,0.0,0.0,1.0,22,20
1091,5S,AD,,,,,1.0,1.0,1.0,0.0,10,8
1092,5S,AD,4D,,,,0.0,1.0,0.0,1.0,20,22
1093,8H,5H,,,,,0.0,0.0,1.0,1.0,13,14
1094,6D,QS,,,,,0.0,0.0,1.0,1.0,16,19
1095,10H,10C,,,,,0.0,1.0,0.0,1.0,20,28
1096,JD,6S,,,,,0.0,1.0,0.0,1.0,16,25
1097,2C,5D,,,,,1.0,1.0,1.0,0.0,15,11
1098,2C,5D,8C,,,,0.0,0.0,1.0,1.0,15,21
1099,2S,6C,,,,,0.0,0.0,1.0,1.0,8,18
1100,KC,3S,,,,,1.0,0.0,0.0,1.0,23,6
1101,5D,8C,,,,,1.0,1.0,1.0,0.0,16,5
1102,5D,8C,3H,,,,1.0,1.0,1.0,0.0,17,5
1103,5D,8C,3H,AD,,,1.0,0.0,0.0,1.0,27,5
1104,2H,9D,,,,,0.0,0.0,1.0,1.0,11,16
1105,KC,QD,,,,,1.0,0.0,0.0,1.0,25,20
1106,9D,7D,,,,,1.0,0.0,0.0,1.0,26,20
1107,9D,QD,,,,,0.0,1.0,0.0,1.0,19,26
1108,7H,5S,,,,,0.0,0.0,1.0,1.0,12,13
1109,9H,QC,,,,,1.0,1.0,1.0,0.0,21,15
1110,8S,2C,,,,,0.0,0.0,1.0,1.0,10,14
1111,AS,4H,,,,,0.0,0.0,1.0,1.0,15,19
1112,8S,2D,,,,,0.0,0.0,1.0,1.0,10,13
1113,AS,2D,,,,,1.0,1.0,1.0,0.0,13,18
1114,AS,2D,JS,,,,0.0,0.0,1.0,1.0,13,18
1115,KS,9D,,,,,1.0,0.0,0.0,1.0,29,11
1116,4D,JC,,,,,1.0,0.0,0.0,1.0,22,11
1117,KS,8S,,,,,0.0,0.0,1.0,1.0,18,20
1118,3S,8D,,,,,1.0,1.0,1.0,0.0,14,16
1119,3S,8D,3C,,,,0.0,0.0,1.0,1.0,14,16
1120,4D,JS,,,,,1.0,1.0,1.0,0.0,15,14
1121,4D,JS,AD,,,,1.0,0.0,0.0,1.0,25,14
1122,7H,7D,,,,,0.0,1.0,0.0,1.0,14,24
1123,7D,9S,,,,,1.0,1.0,1.0,0.0,21,18
1124,KS,9S,,,,,0.0,1.0,0.0,1.0,19,28
1125,9C,7H,,,,,0.0,0.0,1.0,1.0,16,18
1126,9H,8H,,,,,1.0,1.0,1.0,0.0,18,7
1127,9H,8H,AH,,,,1.0,0.0,0.0,1.0,28,7
1128,6D,6H,,,,,1.0,1.0,1.0,0.0,20,20
1129,6D,6H,8C,,,,0.0,1.0,0.0,1.0,20,25
1130,7H,2H,,,,,0.0,0.0,1.0,1.0,9,13
1131,QC,4H,,,,,1.0,0.0,0.0,1.0,24,10
1132,4C,8H,,,,,1.0,1.0,1.0,0.0,19,10
1133,4C,8H,7H,,,,0.0,0.0,1.0,1.0,19,20
1134,KD,QH,,,,,1.0,0.0,0.0,1.0,30,7
1135,10H,JC,,,,,0.0,0.0,1.0,1.0,20,21
1136,3H,3C,,,,,0.0,0.0,1.0,1.0,6,20
1137,AS,6S,,,,,1.0,1.0,1.0,0.0,9,20
1138,AS,6S,2C,,,,1.0,1.0,1.0,0.0,19,20
1139,AS,6S,2C,JD,,,0.0,0.0,1.0,1.0,19,20
1140,8D,7D,,,,,1.0,1.0,1.0,0.0,18,12
1141,8D,7D,3H,,,,1.0,1.0,1.0,0.0,19,12
1142,8D,7D,3H,AS,,,0.0,0.0,1.0,1.0,19,21
1143,7H,QC,,,,,1.0,0.0,0.0,1.0,27,10
1144,9H,QC,,,,,0.0,0.0,1.0,1.0,19,21
1145,JC,KS,,,,,0.0,1.0,0.0,1.0,20,28
1146,JS,KC,,,,,0.0,1.0,0.0,1.0,20,24
1147,JD,6D,,,,,0.0,0.0,1.0,1.0,16,18
1148,3H,KS,,,,,0.0,0.0,1.0,1.0,13,19
1149,6C,6D,,,,,1.0,0.0,0.0,1.0,22,15
1150,10D,JD,,,,,0.0,1.0,0.0,1.0,20,29
1151,10S,KD,,,,,1.0,0.0,0.0,1.0,29,14
1152,2D,5H,,,,,1.0,1.0,1.0,0.0,13,17
1153,2D,5H,6D,,,,1.0,1.0,1.0,0.0,16,17
1154,2D,5H,6D,3H,,,0.0,0.0,1.0,1.0,16,17
1155,5S,2C,,,,,0.0,0.0,1.0,1.0,7,21
1156,7S,7D,,,,,0.0,0.0,1.0,1.0,14,17
1157,JD,QH,,,,,0.0,1.0,0.0,1.0,20,25
1158,2C,5D,,,,,0.0,0.0,1.0,1.0,7,15
1159,JD,7S,,,,,1.0,0.0,0.0,1.0,22,15
1160,4D,AC,,,,,0.0,0.0,1.0,1.0,15,17
1161,4H,QC,,,,,1.0,0.0,0.0,1.0,24,12
1162,8D,5S,,,,,0.0,0.0,1.0,1.0,13,17
1163,AC,2D,,,,,0.0,0.0,1.0,1.0,13,20
1164,AH,4S,,,,,0.0,0.0,1.0,1.0,15,16
1165,8D,3H,,,,,0.0,0.0,1.0,1.0,11,18
1166,KH,8D,,,,,1.0,0.0,0.0,1.0,27,18
1167,8S,9S,,,,,0.0,1.0,0.0,1.0,17,26
1168,JD,10S,,,,,0.0,1.0,0.0,1.0,20,23
1169,KC,7C,,,,,0.0,1.0,0.0,1.0,17,25
1170,7D,KH,,,,,0.0,1.0,0.0,1.0,17,24
1171,3S,KS,,,,,1.0,0.0,0.0,1.0,22,15
1172,8S,4C,,,,,1.0,1.0,1.0,0.0,21,14
1173,6H,10C,,,,,0.0,0.0,1.0,1.0,16,19
1174,7S,AD,,,,,1.0,1.0,1.0,0.0,18,12
1175,7S,AD,10C,,,,1.0,0.0,0.0,1.0,25,12
1176,JH,2S,,,,,1.0,0.0,0.0,1.0,22,18
1177,9H,KC,,,,,1.0,0.0,0.0,1.0,23,21
1178,10D,4S,,,,,1.0,0.0,0.0,1.0,22,13
1179,KH,7C,,,,,0.0,0.0,1.0,1.0,17,18
1180,2H,KD,,,,,1.0,1.0,1.0,0.0,20,17
1181,2H,KD,8D,,,,1.0,1.0,1.0,0.0,21,17
1182,QD,7C,,,,,0.0,1.0,0.0,1.0,17,23
1183,4D,AD,,,,,0.0,0.0,1.0,1.0,15,21
1184,5S,KD,,,,,1.0,1.0,1.0,0.0,19,11
1185,5S,KD,4S,,,,1.0,0.0,0.0,1.0,29,21
1186,JS,JD,,,,,1.0,0.0,0.0,1.0,30,5
1187,8H,5D,,,,,1.0,0.0,0.0,1.0,23,19
1188,3H,7D,,,,,0.0,0.0,1.0,1.0,10,21
1189,AS,8H,,,,,0.0,1.0,0.0,1.0,19,22
1190,QS,KS,,,,,1.0,0.0,0.0,1.0,22,13
1191,8C,QC,,,,,1.0,0.0,0.0,1.0,27,9
1192,4H,5S,,,,,0.0,0.0,1.0,1.0,9,20
1193,3D,5H,,,,,1.0,1.0,1.0,0.0,11,6
1194,3D,5H,3S,,,,0.0,0.0,1.0,1.0,11,16
1195,3D,AH,,,,,1.0,1.0,1.0,0.0,9,17
1196,3D,AH,5C,,,,1.0,1.0,1.0,0.0,13,17
1197,3D,AH,5C,4D,,,0.0,0.0,1.0,1.0,13,17
1198,AC,9C,,,,,0.0,1.0,0.0,1.0,20,23
1199,8H,5H,,,,,0.0,0.0,1.0,1.0,13,21
1200,7C,2H,,,,,1.0,1.0,1.0,0.0,12,4
1201,7C,2H,3C,,,,0.0,0.0,1.0,1.0,12,14
1202,AC,5H,,,,,1.0,1.0,1.0,0.0,10,17
1203,AC,5H,4S,,,,0.0,1.0,0.0,1.0,20,22
1204,8S,5C,,,,,1.0,1.0,1.0,0.0,21,16
1205,7C,KD,,,,,1.0,0.0,0.0,1.0,23,14
1206,QC,10S,,,,,1.0,0.0,0.0,1.0,28,21
1207,7S,9D,,,,,0.0,0.0,1.0,1.0,16,17
1208,7D,10D,,,,,1.0,0.0,0.0,1.0,22,20
1209,8S,AS,,,,,0.0,1.0,0.0,1.0,19,23
1210,9D,3H,,,,,1.0,1.0,1.0,0.0,19,14
1211,9D,3H,7D,,,,0.0,0.0,1.0,1.0,19,20
1212,7S,QC,,,,,1.0,1.0,1.0,0.0,21,16
1213,KH,7H,,,,,0.0,1.0,0.0,1.0,17,26
1214,8D,3S,,,,,0.0,0.0,1.0,1.0,11,12
1215,KD,QD,,,,,0.0,1.0,0.0,1.0,20,28
1216,9D,JD,,,,,1.0,0.0,0.0,1.0,23,15
1217,5S,4D,,,,,0.0,0.0,1.0,1.0,9,16
1218,JH,2D,,,,,1.0,1.0,1.0,0.0,18,13
1219,JH,2D,6C,,,,0.0,0.0,1.0,1.0,18,20
1220,QS,JC,,,,,1.0,0.0,0.0,1.0,27,8
1221,2D,JD,,,,,0.0,0.0,1.0,1.0,12,17
1222,4H,4S,,,,,1.0,1.0,1.0,0.0,17,18
1223,4H,4S,9H,,,,0.0,0.0,1.0,1.0,17,18
1224,9S,9H,,,,,1.0,0.0,0.0,1.0,22,12
1225,6D,7S,,,,,0.0,0.0,1.0,1.0,13,14
1226,6D,5C,,,,,1.0,1.0,1.0,0.0,21,15
1227,QC,KH,,,,,1.0,0.0,0.0,1.0,25,13
1228,5C,10S,,,,,0.0,1.0,0.0,1.0,15,25
1229,3C,8D,,,,,0.0,0.0,1.0,1.0,11,14
1230,5C,5H,,,,,0.0,0.0,1.0,1.0,10,20
1231,KD,5D,,,,,1.0,0.0,0.0,1.0,25,17
1232,3S,9C,,,,,1.0,1.0,1.0,0.0,17,7
1233,3S,9C,5S,,,,0.0,0.0,1.0,1.0,17,21
1234,QH,QC,,,,,1.0,0.0,0.0,1.0,22,20
1235,KD,JH,,,,,1.0,0.0,0.0,1.0,24,13
1236,6D,9D,,,,,0.0,0.0,1.0,1.0,15,21
1237,9D,8S,,,,,0.0,0.0,1.0,1.0,17,19
1238,7C,7S,,,,,1.0,0.0,0.0,1.0,24,7
1239,2C,5S,,,,,1.0,1.0,1.0,0.0,17,5
1240,2C,5S,JC,,,,1.0,0.0,0.0,1.0,25,15
1241,QD,7C,,,,,1.0,1.0,1.0,0.0,18,11
1242,QD,7C,AH,,,,1.0,0.0,0.0,1.0,28,11
1243,AH,2S,,,,,1.0,1.0,1.0,0.0,7,10
1244,AH,2S,4H,,,,1.0,1.0,1.0,0.0,17,10
1245,AH,2S,4H,10H,,,0.0,0.0,1.0,1.0,17,20
1246,3D,KC,,,,,0.0,0.0,1.0,1.0,13,15
1247,KD,3S,,,,,0.0,0.0,1.0,1.0,13,21
1248,3D,10S,,,,,1.0,0.0,0.0,1.0,23,10
1249,10C,KD,,,,,1.0,0.0,0.0,1.0,28,20
1250,10H,10S,,,,,0.0,1.0,0.0,1.0,20,28
1251,9D,QH,,,,,1.0,0.0,0.0,1.0,24,18
1252,QD,8S,,,,,1.0,1.0,1.0,0.0,19,13
1253,QD,8S,AS,,,,1.0,1.0,1.0,0.0,21,13
1254,3C,6C,,,,,0.0,0.0,1.0,1.0,9,16
1255,9C,2S,,,,,1.0,1.0,1.0,0.0,16,20
1256,9C,2S,5C,,,,1.0,0.0,0.0,1.0,23,20
1257,JS,9C,,,,,0.0,1.0,0.0,1.0,19,23
1258,10D,JD,,,,,0.0,0.0,1.0,1.0,20,21
1259,7C,6H,,,,,1.0,1.0,1.0,0.0,16,19
1260,7C,6H,3S,,,,1.0,1.0,1.0,0.0,18,19
1261,7C,6H,3S,2H,,,0.0,0.0,1.0,1.0,18,19
